{"cameraMode":{"drawMode":0,"name":"Shaded","section":"Shading Mode"},"sceneLighting":true,"audioPlay":false,"sceneViewState":{"showFog":true,"showMaterialUpdate":false,"showSkybox":true,"showFlares":true,"showImageEffects":true,"showParticleSystems":true},"in2DMode":false,"pivot":{"x":-57.8359260559082,"y":-32.090545654296878,"z":-36.35755920410156},"rotation":{"x":-0.26380881667137148,"y":0.5824527740478516,"z":-0.20755568146705628,"w":-0.7403472661972046},"size":189.98655700683595,"orthographic":false}